name,feature,type,color
30nt_M13R,AGC GGA TAA CAA TTT CAC ACA GGA,,
ACYC Duet Up1,GGA TCT CGA CGC TCT CCC T,,
BGH Reverse,TAG AAG GCA CAG TCG AGG,,
C.elegansRNAi F,GTT TTC CCA GTC ACG ACG TT,,
"CMVF_pCDNA3
 

",CAA CGG GAC TTT CCA AAA TG,,
Duet Down1,GAT TAT GCG GCC GTG TAC AA,,
EGFP C F,CAT GGT CCT GCT GGA GTT CGT G,,
EGFP C R,GTT CAG GGG GAG GTG TG,,
EGFP Nrev,CGT CGC CGT CCA GCT CGA CCA G,,
KS,CCT CGA GGT CGA CGG TAT CG,,
M13R,CAG GAA ACA GCT ATG ACC,,
M13F,TGT AAA ACG ACG GCC AGT,,
PBADF,ATG CCA TAG CAT TTT TAT CC,,
PBADR,GAT TTA ATC TGT ATC AGG,,
pCMV forward,GAG CTC GTT TAG TGA ACC GTC,,
pCMV reverse,CAA GGC CAG GAG AGG CAC TG,,
PDONR201 3PRIME,CAT CAG AGA TTT TGA GAC AC,,
PDONR201 5PRIME,GCA GTT CCC TAC TCT CGC,,
PDONR201 Forward,TCG CGT TAA CGC TAG CAT GGA TCT C,,
PDONR201 Reverse,GTA ACA TCA GAG ATT TTG AGA CAC,,
pEXPRESS_F,TAT GGC TAG CAT GAC TGG t,,
PGEX 3',CCG GGA GCT GCA TGT GTC AGA GG,,
PGEX 5',GGG CTG GCA AGC CAC GTT TGG TG,,
malEforward,GGT CGT CAG ACT GTC GAT GAA GCC,,
PME18SF,CTT CTG CTC TAA AAG CTG CG,,
PME18SR,GCA CCT GCA GCT CGA GCA CA,,
POLYA,AAA AAA AAA AAA AAA AAA AAA AAA B,,
POLYT,TTT TTT TTT TTT TTT TTT TTT TTT V,,
PQE30 forward,CCC GAA AAG TGC CAC CTG,,
PQE30 reverse,GTT CTG AGG TCA TTA CTG G,,
pTargeT reverse,TTA CGC CAA GTT ATT TAG GTG ACA,,
pTrcHis_F,GAG GTA TAT ATA TTA ATG TAT CG,,
SK,CGG CCG CTC TAG AAC TAG TGG ATC,,
SP6 promoter,ATT TAG GTG ACA CTA TAG,,
T3,ATT AAC CCT CAC TAA AG,,
T7 promoter (F),TAA TAC GAC TCA CTA TAG GG,,
T7 terminator (R),GCT AGT TAT TGC TCA GCG G,,
pCEP-Forward,AGA GCT CGT TTA GTG AAC CG,,
pCEP-Reverse,GTG GTT TGT CCA AAC TCA TC,,
pEF1a fwd,ATT TGC CCT TTT TGA GTT TGG,,
